,np_size_min__nm_,np_size_avg__nm_,np_size_max__nm_,Source_origin,method,Capping_type,time_set__hours_,Solvent_for_extract,shape,Template_type,Bio_component_class,chi0v,Red_env_strength,Red_env_type,coating,Valance_electron,Solvent_polar,mdr,prim_specific_habitat,lipinskiHBA,CrippenClogP,max_Incub_period__h,hallKierAlpha,amw,avg_Incub_period__h,K07123,kappa1,K03629,min_Incub_period__h,K07050,K20345,NumHBA,sec_habitat,bac_type,K23945,common_environment,K01191,K13566,K07484,K25602,K11206,K07486,K12942,K01153,K02027,K00849,K01878,K00432,K01026,K10844,K03741,K00252,K01190,K03703,K09936,K07485,K07778,K16148,bacteria_strain,np_synthesis,pred_MIC_norm,pathogenic_bacteria,pred_MIC_pathogen,Fitness,pred_norm_MIC_original,pred_path_MIC_original
0,38.0,44.68775468469606,54.46716468582177,lab,MIC,none,24,aceton,spherical,none,mixed,1.7837651700316897,weak,bio,0.0,11.0,1.0,0.0,guts,0.0,-0.0025,4.0,0.7402597402597404,107.868,2.0,0.0,1.7402597402597404,1.0,1.5,0.0,0.0,0.0,mouth,non-pathogenic,0.0,human,0.0,1.0,0.0,0.0,0.0,0.0,1.0,0.0,1.0,1.0,1.0,1.0,0.0,0.0,0.0,0.0,1.0,1.0,1.0,0.0,0.0,1.0,Escherichia coli ATCC 25922,Green synthesis using Agrimonia eupatoria L.,4.6655946,Staphylococcus aureus ATCC 29213,1.9924458,2.6731486320495605,106.228714,7.333448
1,15.0,25.08641196082906,33.879392584497424,commercial,MIC,none,24,aceton,spherical,none,none,4.08248290463863,medium,chemical,0.0,8.0,0.0,0.0,guts,1.0,-0.1213,4.0,0.4233766233766233,81.389,2.0,0.0,2.423376623376623,1.0,1.5,0.0,0.0,1.0,mouth,non-pathogenic,0.0,human,0.0,1.0,0.0,0.0,0.0,0.0,1.0,0.0,1.0,1.0,1.0,1.0,0.0,0.0,0.0,0.0,1.0,1.0,1.0,0.0,0.0,1.0,Escherichia coli ATCC 25922,"Chemical synthesis, purchased from Sigma-Aldrich",4.684323,Staphylococcus aureus ATCC 29213,2.049868,2.6344547271728516,108.23694,7.766876
2,38.0,44.68775468469606,54.46716468582177,lab,MIC,none,24,aceton,spherical,none,mixed,1.7837651700316897,weak,bio,0.0,11.0,1.0,0.0,guts,0.0,-0.0025,4.0,0.7402597402597404,107.868,2.0,0.0,1.7402597402597404,1.0,1.5,0.0,0.0,0.0,mouth,non-pathogenic,0.0,human,0.0,1.0,0.0,0.0,0.0,0.0,1.0,0.0,1.0,1.0,1.0,1.0,0.0,0.0,0.0,0.0,1.0,1.0,1.0,0.0,0.0,1.0,Escherichia coli ATCC 25922,Green synthesis using Agrimonia eupatoria L.,4.6655946,Staphylococcus aureus ATCC 29213,2.0830016,2.5825929641723633,106.228714,8.028531
3,36.25,43.877705968237755,51.0438314262014,lab,MIC,none,24,aceton,spheroidal,none,mixed,1.7837651700316897,weak,bio,0.0,11.0,1.0,0.0,guts,0.0,-0.0025,4.0,0.7402597402597404,107.868,2.0,0.0,1.7402597402597404,1.0,1.5,0.0,0.0,0.0,mouth,non-pathogenic,0.0,human,0.0,1.0,0.0,0.0,0.0,0.0,1.0,0.0,1.0,1.0,1.0,1.0,0.0,0.0,0.0,0.0,1.0,1.0,1.0,0.0,0.0,1.0,Escherichia coli ATCC 25922,Green synthesis using Agrimonia eupatoria L.,4.662587,Staphylococcus aureus ATCC 29213,2.098843,2.563744068145752,105.90972,8.156728
4,60.0,69.64790485482996,78.70532249503046,lab,MIC,none,24,aceton,spherical,none,mixed,4.08248290463863,weak,bio,0.0,8.0,1.0,0.0,guts,1.0,-0.1213,4.0,0.4233766233766233,81.389,2.0,0.0,2.423376623376623,1.0,1.5,0.0,0.0,1.0,mouth,non-pathogenic,0.0,human,0.0,1.0,0.0,0.0,0.0,0.0,1.0,0.0,1.0,1.0,1.0,1.0,0.0,0.0,0.0,0.0,1.0,1.0,1.0,0.0,0.0,1.0,Escherichia coli ATCC 25922,green_synthesis using aloe vera extract,3.8678617,Staphylococcus aureus ATCC 29213,1.3551956,2.5126662254333496,47.839977,3.8775194
5,38.0,42.15765503300739,49.63290533737037,lab,MIC,none,24,aceton,spherical,none,mixed,1.7837651700316897,weak,bio,1.0,11.0,1.0,0.0,guts,0.0,-0.0025,4.0,0.7402597402597404,107.868,2.0,0.0,1.7402597402597404,1.0,1.5,0.0,0.0,0.0,mouth,non-pathogenic,0.0,human,0.0,1.0,0.0,0.0,0.0,0.0,1.0,0.0,1.0,1.0,1.0,1.0,0.0,0.0,0.0,0.0,1.0,1.0,1.0,0.0,0.0,1.0,Escherichia coli ATCC 25922,Green synthesis using Agrimonia eupatoria L.,3.98988,Staphylococcus aureus ATCC 29213,1.5393306,2.450549602508545,54.0484,4.6614685
6,36.25,40.91644505467651,48.07343851128182,lab,MIC,none,24,ethanol,spherical,none,phenolic,1.7837651700316897,weak,bio,0.0,11.0,1.0,0.0,guts,0.0,-0.0025,4.0,0.7402597402597404,107.868,2.0,0.0,1.7402597402597404,1.0,1.5,0.0,0.0,0.0,mouth,non-pathogenic,0.0,human,0.0,1.0,0.0,0.0,0.0,0.0,1.0,0.0,1.0,1.0,1.0,1.0,0.0,0.0,0.0,0.0,1.0,1.0,1.0,0.0,0.0,1.0,Escherichia coli ATCC 25922,Green synthesis using Syzygium cumini flowers,5.235068,Staphylococcus aureus ATCC 29213,2.96544,2.269627809524536,187.7418,19.403238
7,40.0,44.32190495462768,51.29016714322783,lab,MIC,none,24,ethanol,spherical,none,mixed,1.7837651700316897,weak,bio,0.0,11.0,1.0,0.0,guts,0.0,-0.0025,4.0,0.7402597402597404,107.868,2.0,0.0,1.7402597402597404,1.0,1.5,0.0,0.0,0.0,mouth,non-pathogenic,0.0,human,0.0,1.0,0.0,0.0,0.0,0.0,1.0,0.0,1.0,1.0,1.0,1.0,0.0,0.0,0.0,0.0,1.0,1.0,1.0,0.0,0.0,1.0,Escherichia coli ATCC 25922,Green synthesis using Serai kayu,4.4744034,Staphylococcus aureus ATCC 29213,2.218447,2.2559564113616943,87.742226,9.193042
8,36.25,39.88198995452681,45.16941750375511,lab,MIC,none,24,ethanol,spherical,none,mixed,1.7837651700316897,weak,bio,0.0,11.0,1.0,0.0,guts,0.0,-0.0025,4.0,0.7402597402597404,107.868,2.0,0.0,1.7402597402597404,1.0,1.5,0.0,0.0,0.0,mouth,non-pathogenic,0.0,human,0.0,1.0,0.0,0.0,0.0,0.0,1.0,0.0,1.0,1.0,1.0,1.0,0.0,0.0,0.0,0.0,1.0,1.0,1.0,0.0,0.0,1.0,Escherichia coli ATCC 25922,Green synthesis using Syzygium cumini seeds,4.7113814,Staphylococcus aureus ATCC 29213,2.514822,2.196559429168701,111.20566,12.364407
9,35.0,40.67073644095122,46.055478849423494,lab,MIC,none,24,ethanol,spherical,none,mixed,1.7837651700316897,weak,bio,0.0,11.0,1.0,0.0,guts,0.0,-0.0025,4.0,0.7402597402597404,107.868,2.0,0.0,1.7402597402597404,1.0,1.5,0.0,0.0,0.0,mouth,non-pathogenic,0.0,human,0.0,1.0,0.0,0.0,0.0,0.0,1.0,0.0,1.0,1.0,1.0,1.0,0.0,0.0,0.0,0.0,1.0,1.0,1.0,0.0,0.0,1.0,Escherichia coli ATCC 25922,Green synthesis using Arthrospira platensis,4.0425735,Staphylococcus aureus ATCC 29213,1.8879505,2.154623031616211,56.972763,6.605816
10,45.0,54.783755078554805,63.181080371036224,lab,MIC,none,24,dpph,spherical,none,protein,1.7837651700316897,weak,bio,0.0,11.0,1.0,1.0,guts,0.0,-0.0025,4.0,0.7402597402597404,107.868,2.0,0.0,1.7402597402597404,1.0,1.5,0.0,0.0,0.0,mouth,non-pathogenic,0.0,human,0.0,1.0,0.0,0.0,0.0,0.0,1.0,0.0,1.0,1.0,1.0,1.0,0.0,0.0,0.0,0.0,1.0,1.0,1.0,0.0,0.0,1.0,Escherichia coli ATCC 25922,Green synthesis using Lactobacillus paracasei,3.8619232,Staphylococcus aureus ATCC 29213,1.729558,2.1323652267456055,47.55672,5.6381607
11,60.0,69.64790485482996,78.70532249503046,lab,MIC,none,24,ethanol,spherical,none,mixed,4.08248290463863,weak,bio,0.0,8.0,1.0,0.0,guts,1.0,-0.1213,4.0,0.4233766233766233,81.389,2.0,0.0,2.423376623376623,1.0,1.5,0.0,0.0,1.0,mouth,non-pathogenic,0.0,human,0.0,1.0,0.0,0.0,0.0,0.0,1.0,0.0,1.0,1.0,1.0,1.0,0.0,0.0,0.0,0.0,1.0,1.0,1.0,0.0,0.0,1.0,Escherichia coli ATCC 25922,green_synthesis using aloe vera extract,3.7459888,Staphylococcus aureus ATCC 29213,1.6464156,2.0995731353759766,42.35086,5.1883492
12,48.0,55.788197883169644,61.345231013273185,lab,MIC,none,24,aceton,spherical,none,mixed,1.7837651700316897,weak,bio,1.0,11.0,1.0,0.0,guts,0.0,-0.0025,4.0,0.7402597402597404,107.868,2.0,0.0,1.7402597402597404,1.0,1.5,0.0,0.0,0.0,mouth,non-pathogenic,0.0,human,0.0,1.0,0.0,0.0,0.0,0.0,1.0,0.0,1.0,1.0,1.0,1.0,0.0,0.0,0.0,0.0,1.0,1.0,1.0,0.0,0.0,1.0,Escherichia coli ATCC 25922,Green synthesis using Agrimonia eupatoria L.,3.9700859,Staphylococcus aureus ATCC 29213,1.9232529,2.046833038330078,52.989075,6.8431826
13,36.25,44.60675992401199,53.58786555610344,commercial,MIC,small-molecule,24,water,spherical,none,none,4.688846486529344,medium,chemical,0.0,24.0,0.0,0.0,guts,3.0,-1.118,4.0,0.9449350649350646,101.961,2.0,0.0,162.8037374988371,1.0,1.5,0.0,0.0,0.0,mouth,non-pathogenic,0.0,human,0.0,1.0,0.0,0.0,0.0,0.0,1.0,0.0,1.0,1.0,1.0,1.0,0.0,0.0,0.0,0.0,1.0,1.0,1.0,0.0,0.0,1.0,Escherichia coli ATCC 25922,chemical_synthesis purchased from sigma aldrich ( citrate capped agnps),3.9232662,Staphylococcus aureus ATCC 29213,1.9099287,2.0133376121520996,50.565323,6.752607
14,55.4,62.68103784373052,68.44712548909382,lab,MIC,none,24,aceton,spherical,none,mixed,1.7837651700316897,weak,bio,0.0,11.0,1.0,0.0,guts,0.0,-0.0025,4.0,0.7402597402597404,107.868,2.0,0.0,1.7402597402597404,1.0,1.5,0.0,0.0,0.0,mouth,non-pathogenic,0.0,human,0.0,1.0,0.0,0.0,0.0,0.0,1.0,0.0,1.0,1.0,1.0,1.0,0.0,0.0,0.0,0.0,1.0,1.0,1.0,0.0,0.0,1.0,Escherichia coli ATCC 25922,Green synthesis using Agrimonia eupatoria L.,4.8668237,Staphylococcus aureus ATCC 29213,2.8577032,2.009120464324951,129.90761,17.421467
15,52.7,57.637128775548355,67.27251935698546,lab,MIC,none,24,aceton,spherical,none,mixed,1.7837651700316897,weak,bio,0.0,11.0,1.0,0.0,guts,0.0,-0.0025,4.0,0.7402597402597404,107.868,2.0,0.0,1.7402597402597404,1.0,1.5,0.0,0.0,0.0,mouth,non-pathogenic,0.0,human,0.0,1.0,0.0,0.0,0.0,0.0,1.0,0.0,1.0,1.0,1.0,1.0,0.0,0.0,0.0,0.0,1.0,1.0,1.0,0.0,0.0,1.0,Escherichia coli ATCC 25922,Green synthesis using Agrimonia eupatoria L.,5.0694814,Staphylococcus aureus ATCC 29213,3.0612655,2.00821590423584,159.09177,21.35456
16,50.0,58.58898969284462,66.1158904363396,lab,MIC,none,24,aceton,spherical,none,mixed,1.7837651700316897,weak,bio,0.0,11.0,1.0,0.0,guts,0.0,-0.0025,4.0,0.7402597402597404,107.868,2.0,0.0,1.7402597402597404,1.0,1.5,0.0,0.0,0.0,mouth,non-pathogenic,0.0,human,0.0,1.0,0.0,0.0,0.0,0.0,1.0,0.0,1.0,1.0,1.0,1.0,0.0,0.0,0.0,0.0,1.0,1.0,1.0,0.0,0.0,1.0,Escherichia coli ATCC 25922,Green synthesis using Agrimonia eupatoria L.,5.1899137,Staphylococcus aureus ATCC 29213,3.183955,2.0059587955474854,179.45305,24.142044
17,36.25,47.535450640382216,53.92535120111416,lab,MIC,none,24,dpph,spherical,none,protein,1.7837651700316897,weak,bio,0.0,11.0,1.0,0.0,guts,0.0,-0.0025,4.0,0.7402597402597404,107.868,2.0,0.0,1.7402597402597404,1.0,1.5,0.0,0.0,0.0,mouth,non-pathogenic,0.0,human,0.0,1.0,0.0,0.0,0.0,0.0,1.0,0.0,1.0,1.0,1.0,1.0,0.0,0.0,0.0,0.0,1.0,1.0,1.0,0.0,0.0,1.0,Escherichia coli ATCC 25922,Green synthesis using Lactobacillus paracasei,3.3304124,Staphylococcus aureus ATCC 29213,1.3336397,1.9967726469039917,27.949863,3.7948303
18,35.0,42.09570165079565,50.89424267350034,lab,MIC,none,24,ethanol,spherical,halloysite,none,1.7837651700316897,strong,chemical,0.0,11.0,0.0,1.0,guts,0.0,-0.0025,4.0,0.7402597402597404,107.868,2.0,0.0,1.7402597402597404,1.0,1.5,0.0,0.0,0.0,mouth,non-pathogenic,0.0,human,0.0,1.0,0.0,0.0,0.0,0.0,1.0,0.0,1.0,1.0,1.0,1.0,0.0,0.0,0.0,0.0,1.0,1.0,1.0,0.0,0.0,1.0,Escherichia coli ATCC 25922,Chemical synthesis using halloysite nanotubes,4.1068034,Staphylococcus aureus ATCC 29213,2.121719,1.9850845336914062,60.7522,8.345469
19,17.1,28.598163277383943,35.211938095335206,commercial,MIC,none,24,water,spherical,none,none,4.08248290463863,medium,chemical,0.0,8.0,0.0,1.0,guts,1.0,-0.1213,4.0,0.4233766233766233,81.389,2.0,0.0,2.423376623376623,1.0,1.5,0.0,0.0,1.0,mouth,non-pathogenic,0.0,human,0.0,1.0,0.0,0.0,0.0,0.0,1.0,0.0,1.0,1.0,1.0,1.0,0.0,0.0,0.0,0.0,1.0,1.0,1.0,0.0,0.0,1.0,Escherichia coli ATCC 25922,"Chemical synthesis, purchased from Sigma-Aldrich",3.1779368,Staphylococcus aureus ATCC 29213,1.2032677,1.974669098854065,23.997189,3.3309836
20,41.23,44.486547669573824,50.23886294461649,lab,MIC,none,24,ethanol,spherical,none,mixed,1.7837651700316897,weak,bio,1.0,11.0,1.0,0.0,guts,0.0,-0.0025,4.0,0.7402597402597404,107.868,2.0,0.0,1.7402597402597404,1.0,1.5,0.0,0.0,0.0,mouth,non-pathogenic,0.0,human,0.0,1.0,0.0,0.0,0.0,0.0,1.0,0.0,1.0,1.0,1.0,1.0,0.0,0.0,0.0,0.0,1.0,1.0,1.0,0.0,0.0,1.0,Escherichia coli ATCC 25922,Green synthesis using Phyllanthus emblica,3.7421887,Staphylococcus aureus ATCC 29213,1.8467234,1.8954652547836304,42.190228,6.339015
21,30.4,42.79520269120262,48.071538520484104,commercial,MIC,none,24,water,spherical,none,none,1.7837651700316897,medium,chemical,0.0,11.0,0.0,1.0,guts,0.0,-0.0025,4.0,0.7402597402597404,107.868,2.0,0.0,1.7402597402597404,1.0,1.5,0.0,0.0,0.0,mouth,non-pathogenic,0.0,human,0.0,1.0,0.0,0.0,0.0,0.0,1.0,0.0,1.0,1.0,1.0,1.0,0.0,0.0,0.0,0.0,1.0,1.0,1.0,0.0,0.0,1.0,Escherichia coli ATCC 25922,"Chemical synthesis, purchased from Nano-world Company",3.5097647,Staphylococcus aureus ATCC 29213,1.6308368,1.8789278268814087,33.440395,5.1081476
22,41.23,49.16498604658912,54.680812743661846,lab,MIC,none,24,ethanol,rod-shaped,none,mixed,1.7837651700316897,weak,bio,0.0,11.0,1.0,0.0,guts,0.0,-0.0025,4.0,0.7402597402597404,107.868,2.0,0.0,1.7402597402597404,1.0,1.5,0.0,0.0,0.0,mouth,non-pathogenic,0.0,human,0.0,1.0,0.0,0.0,0.0,0.0,1.0,0.0,1.0,1.0,1.0,1.0,0.0,0.0,0.0,0.0,1.0,1.0,1.0,0.0,0.0,1.0,Escherichia coli ATCC 25922,Green synthesis using Pelargonium sidoides,3.967807,Staphylococcus aureus ATCC 29213,2.099154,1.8686530590057373,52.868458,8.159264
23,45.88,57.64209839859272,63.745230012383566,lab,MIC,none,24,aceton,spherical,none,mixed,1.7837651700316897,weak,bio,0.0,11.0,1.0,0.0,guts,0.0,-0.0025,4.0,0.7402597402597404,107.868,2.0,0.0,1.7402597402597404,1.0,1.5,0.0,0.0,0.0,mouth,non-pathogenic,0.0,human,0.0,1.0,0.0,0.0,0.0,0.0,1.0,0.0,1.0,1.0,1.0,1.0,0.0,0.0,0.0,0.0,1.0,1.0,1.0,0.0,0.0,1.0,Escherichia coli ATCC 25922,Green synthesis using Agrimonia eupatoria L.,5.244626,Staphylococcus aureus ATCC 29213,3.3818088,1.8628172874450684,189.54489,29.42394
24,76.8,82.57230210191958,88.94789519887892,lab,MIC,none,24,ethanol,spherical,none,mixed,1.7837651700316897,weak,bio,0.0,11.0,1.0,1.0,guts,0.0,-0.0025,4.0,0.7402597402597404,107.868,2.0,0.0,1.7402597402597404,1.0,1.5,0.0,0.0,0.0,mouth,non-pathogenic,0.0,human,0.0,1.0,0.0,0.0,0.0,0.0,1.0,0.0,1.0,1.0,1.0,1.0,0.0,0.0,0.0,0.0,1.0,1.0,1.0,0.0,0.0,1.0,Escherichia coli ATCC 25922,Green synthesis using Syzygium cumini seeds,3.1843283,Staphylococcus aureus ATCC 29213,1.3364668,1.8478615283966064,24.151058,3.8055737
25,12.7,20.261115113500065,25.93649485158459,commercial,MIC,none,24,ethanol,spherical,none,none,2.8780493937365565,medium,chemical,1.0,16.0,0.0,0.0,guts,2.0,-0.2401,4.0,0.3142857142857144,79.865,2.0,0.0,3.314285714285715,1.0,1.5,0.0,0.0,2.0,mouth,non-pathogenic,0.0,human,0.0,1.0,0.0,0.0,0.0,0.0,1.0,0.0,1.0,1.0,1.0,1.0,0.0,0.0,0.0,0.0,1.0,1.0,1.0,0.0,0.0,1.0,Escherichia coli ATCC 25922,"Chemical synthesis, purchased from Sigma-Aldrich",7.170742,Staphylococcus aureus ATCC 29213,5.328323,1.842419147491455,1300.8092,206.09201
26,40.0,50.60163534753127,58.64049958247182,lab,MIC,none,24,ethanol,spherical,none,mixed,1.7837651700316897,weak,bio,0.0,11.0,1.0,0.0,guts,0.0,-0.0025,4.0,0.7402597402597404,107.868,2.0,0.0,1.7402597402597404,1.0,1.5,0.0,0.0,0.0,mouth,non-pathogenic,0.0,human,0.0,1.0,0.0,0.0,0.0,0.0,1.0,0.0,1.0,1.0,1.0,1.0,0.0,0.0,0.0,0.0,1.0,1.0,1.0,0.0,0.0,1.0,Escherichia coli ATCC 25922,Green synthesis using Kalmia angustifolia,4.486415,Staphylococcus aureus ATCC 29213,2.6479475,1.8384673595428467,88.8025,14.125017
27,14.0,21.106049248982103,29.56428805970422,lab,MIC,none,24,aceton,spherical,none,mixed,1.7837651700316897,weak,bio,0.0,11.0,1.0,0.0,guts,0.0,-0.0025,4.0,0.7402597402597404,107.868,2.0,0.0,1.7402597402597404,1.0,1.5,0.0,0.0,0.0,mouth,non-pathogenic,0.0,human,0.0,1.0,0.0,0.0,0.0,0.0,1.0,0.0,1.0,1.0,1.0,1.0,0.0,0.0,0.0,0.0,1.0,1.0,1.0,0.0,0.0,1.0,Escherichia coli ATCC 25922,Green synthesis using Agrimonia eupatoria L.,4.3065424,Staphylococcus aureus ATCC 29213,2.4699779,1.836564540863037,74.18354,11.822185
28,9.26,19.29728302285722,28.69252818827324,lab,MIC,none,24,aceton,spherical,none,mixed,1.7837651700316897,weak,bio,0.0,11.0,1.0,0.0,guts,0.0,-0.0025,4.0,0.7402597402597404,107.868,2.0,0.0,1.7402597402597404,1.0,1.5,0.0,0.0,0.0,mouth,non-pathogenic,0.0,human,0.0,1.0,0.0,0.0,0.0,0.0,1.0,0.0,1.0,1.0,1.0,1.0,0.0,0.0,0.0,0.0,1.0,1.0,1.0,0.0,0.0,1.0,Escherichia coli ATCC 25922,Green synthesis using Agrimonia eupatoria L.,3.9546561,Staphylococcus aureus ATCC 29213,2.1326606,1.821995496749878,52.177742,8.437284
29,47.0,52.336131495742634,58.97964826741365,lab,MIC,none,24,ethanol,spherical,none,mixed,1.7837651700316897,weak,bio,0.0,11.0,1.0,0.0,guts,0.0,-0.0025,4.0,0.7402597402597404,107.868,2.0,0.0,1.7402597402597404,1.0,1.5,0.0,0.0,0.0,mouth,non-pathogenic,0.0,human,0.0,1.0,0.0,0.0,0.0,0.0,1.0,0.0,1.0,1.0,1.0,1.0,0.0,0.0,0.0,0.0,1.0,1.0,1.0,0.0,0.0,1.0,Escherichia coli ATCC 25922,Green synthesis using Kalmia angustifolia,4.6023145,Staphylococcus aureus ATCC 29213,2.7963538,1.8059606552124023,99.71482,16.384794
30,9.7,21.22595032691911,30.19375122720196,lab,MIC,none,24,aceton,spherical,none,mixed,1.7837651700316897,weak,bio,0.0,11.0,1.0,0.0,guts,0.0,-0.0025,4.0,0.7402597402597404,107.868,2.0,0.0,1.7402597402597404,1.0,1.5,0.0,0.0,0.0,mouth,non-pathogenic,0.0,human,0.0,1.0,0.0,0.0,0.0,0.0,1.0,0.0,1.0,1.0,1.0,1.0,0.0,0.0,0.0,0.0,1.0,1.0,1.0,0.0,0.0,1.0,Escherichia coli ATCC 25922,Green synthesis using Agrimonia eupatoria L.,3.7552626,Staphylococcus aureus ATCC 29213,1.9577775,1.797485113143921,42.745438,7.0835657
31,45.88,50.19649698812498,59.11587618842498,lab,MIC,none,24,ethanol,tubular,none,mixed,1.7837651700316897,weak,bio,0.0,11.0,1.0,0.0,guts,0.0,-0.0025,4.0,0.7402597402597404,107.868,2.0,0.0,1.7402597402597404,1.0,1.5,0.0,0.0,0.0,mouth,non-pathogenic,0.0,human,0.0,1.0,0.0,0.0,0.0,0.0,1.0,0.0,1.0,1.0,1.0,1.0,0.0,0.0,0.0,0.0,1.0,1.0,1.0,0.0,0.0,1.0,Escherichia coli ATCC 25922,Green synthesis using Serai kayu,6.604573,Staphylococcus aureus ATCC 29213,4.8184395,1.7861332893371582,738.4642,123.771774
32,32.71,45.68932852166035,54.65286147951086,commercial,MIC,none,24,water,spherical,none,none,1.7837651700316897,medium,chemical,0.0,11.0,0.0,1.0,guts,0.0,-0.0025,4.0,0.7402597402597404,107.868,2.0,0.0,1.7402597402597404,1.0,1.5,0.0,0.0,0.0,mouth,non-pathogenic,0.0,human,0.0,1.0,0.0,0.0,0.0,0.0,1.0,0.0,1.0,1.0,1.0,1.0,0.0,0.0,0.0,0.0,1.0,1.0,1.0,0.0,0.0,1.0,Escherichia coli ATCC 25922,"Chemical synthesis, purchased from Nano-world Company",3.3302596,Staphylococcus aureus ATCC 29213,1.554034,1.7762255668640137,27.945591,4.7305145
33,10.4,18.85940963600752,27.601522564181977,lab,MIC,none,24,ethanol,spherical,none,mixed,1.7837651700316897,weak,bio,0.0,11.0,1.0,0.0,guts,0.0,-0.0025,4.0,0.7402597402597404,107.868,2.0,0.0,1.7402597402597404,1.0,1.5,0.0,0.0,0.0,mouth,non-pathogenic,0.0,human,0.0,1.0,0.0,0.0,0.0,0.0,1.0,0.0,1.0,1.0,1.0,1.0,0.0,0.0,0.0,0.0,1.0,1.0,1.0,0.0,0.0,1.0,Escherichia coli ATCC 25922,Green synthesis using Curcuma longa,4.080319,Staphylococcus aureus ATCC 29213,2.3080971,1.7722218036651611,59.16433,10.055272
34,35.0,38.076619795043634,45.91924076077457,lab,MIC,none,24,ethanol,spherical,halloysite,none,1.7837651700316897,strong,chemical,0.0,11.0,0.0,0.0,guts,0.0,-0.0025,4.0,0.7402597402597404,107.868,2.0,0.0,1.7402597402597404,1.0,1.5,0.0,0.0,0.0,mouth,non-pathogenic,0.0,human,0.0,1.0,0.0,0.0,0.0,0.0,1.0,0.0,1.0,1.0,1.0,1.0,0.0,0.0,0.0,0.0,1.0,1.0,1.0,0.0,0.0,1.0,Escherichia coli ATCC 25922,Chemical synthesis using halloysite nanotubes,3.7919292,Staphylococcus aureus ATCC 29213,2.0409746,1.7509546279907227,44.341858,7.6981077
35,5.66,10.154992981095946,17.67410774742428,lab,MIC,none,24,aceton,spherical,none,mixed,1.7837651700316897,weak,bio,0.0,11.0,1.0,0.0,guts,0.0,-0.0025,4.0,0.7402597402597404,107.868,2.0,0.0,1.7402597402597404,1.0,1.5,0.0,0.0,0.0,mouth,non-pathogenic,0.0,human,0.0,1.0,0.0,0.0,0.0,0.0,1.0,0.0,1.0,1.0,1.0,1.0,0.0,0.0,0.0,0.0,1.0,1.0,1.0,0.0,0.0,1.0,Escherichia coli ATCC 25922,Green synthesis using Agrimonia eupatoria L.,3.1597815,Staphylococcus aureus ATCC 29213,1.4238204,1.7359610795974731,23.565443,4.152956
36,38.0,49.59563754434075,56.833632002407526,lab,MIC,none,24,ethanol,spherical,none,mixed,1.7837651700316897,weak,bio,1.0,11.0,1.0,0.0,guts,0.0,-0.0025,4.0,0.7402597402597404,107.868,2.0,0.0,1.7402597402597404,1.0,1.5,0.0,0.0,0.0,mouth,non-pathogenic,0.0,human,0.0,1.0,0.0,0.0,0.0,0.0,1.0,0.0,1.0,1.0,1.0,1.0,0.0,0.0,0.0,0.0,1.0,1.0,1.0,0.0,0.0,1.0,Escherichia coli ATCC 25922,Green synthesis using Serai kayu,3.7100387,Staphylococcus aureus ATCC 29213,1.976826,1.7332127094268799,40.85538,7.21979
37,30.0,34.371899627068586,39.56351230636122,lab,MIC,none,24,aceton,spheroidal,none,mixed,1.7837651700316897,weak,bio,0.0,11.0,1.0,0.0,guts,0.0,-0.0025,4.0,0.7402597402597404,107.868,2.0,0.0,1.7402597402597404,1.0,1.5,0.0,0.0,0.0,mouth,non-pathogenic,0.0,human,0.0,1.0,0.0,0.0,0.0,0.0,1.0,0.0,1.0,1.0,1.0,1.0,0.0,0.0,0.0,0.0,1.0,1.0,1.0,0.0,0.0,1.0,Escherichia coli ATCC 25922,Green synthesis using Agrimonia eupatoria L.,5.193388,Staphylococcus aureus ATCC 29213,3.462109,1.731278896331787,180.07759,31.88415
38,77.0,89.53096775739363,98.85610078155977,lab,MIC,none,24,ethanol,spherical,none,mixed,1.7837651700316897,weak,bio,0.0,11.0,1.0,0.0,guts,0.0,-0.0025,4.0,0.7402597402597404,107.868,2.0,0.0,1.7402597402597404,1.0,1.5,0.0,0.0,0.0,mouth,non-pathogenic,0.0,human,0.0,1.0,0.0,0.0,0.0,0.0,1.0,0.0,1.0,1.0,1.0,1.0,0.0,0.0,0.0,0.0,1.0,1.0,1.0,0.0,0.0,1.0,Escherichia coli ATCC 25922,Green synthesis using Curcuma longa,2.4979022,Staphylococcus aureus ATCC 29213,0.7745784,1.7233238220214844,12.156962,2.169677
39,12.0,19.987051133939786,29.68402496125081,lab,MIC,none,24,ethanol,spherical,none,mixed,1.7837651700316897,weak,bio,0.0,11.0,1.0,0.0,guts,0.0,-0.0025,4.0,0.7402597402597404,107.868,2.0,0.0,1.7402597402597404,1.0,1.5,0.0,0.0,0.0,mouth,non-pathogenic,0.0,human,0.0,1.0,0.0,0.0,0.0,0.0,1.0,0.0,1.0,1.0,1.0,1.0,0.0,0.0,0.0,0.0,1.0,1.0,1.0,0.0,0.0,1.0,Escherichia coli ATCC 25922,Green synthesis using Arthrospira platensis,4.063681,Staphylococcus aureus ATCC 29213,2.3499365,1.7137446403503418,58.188107,10.484903
40,60.0,64.7192936626786,73.08910859593708,lab,MIC,none,24,ethanol,spherical,none,mixed,1.7837651700316897,weak,bio,0.0,11.0,1.0,0.0,guts,0.0,-0.0025,4.0,0.7402597402597404,107.868,2.0,0.0,1.7402597402597404,1.0,1.5,0.0,0.0,0.0,mouth,non-pathogenic,0.0,human,0.0,1.0,0.0,0.0,0.0,0.0,1.0,0.0,1.0,1.0,1.0,1.0,0.0,0.0,0.0,0.0,1.0,1.0,1.0,0.0,0.0,1.0,Escherichia coli ATCC 25922,Green synthesis using Agrimonia eupatoria L.,4.5133476,Staphylococcus aureus ATCC 29213,2.802162,1.7111856937408447,91.226685,16.480236
41,35.0,38.140930684585065,43.57933625823597,lab,MIC,none,24,ethanol,spherical,none,mixed,1.7837651700316897,weak,bio,0.0,11.0,1.0,0.0,guts,0.0,-0.0025,4.0,0.7402597402597404,107.868,2.0,0.0,1.7402597402597404,1.0,1.5,0.0,0.0,0.0,mouth,non-pathogenic,0.0,human,0.0,1.0,0.0,0.0,0.0,0.0,1.0,0.0,1.0,1.0,1.0,1.0,0.0,0.0,0.0,0.0,1.0,1.0,1.0,0.0,0.0,1.0,Escherichia coli ATCC 25922,Green synthesis using Pelargonium sidoides,3.0793605,Staphylococcus aureus ATCC 29213,1.368837,1.7105234861373901,21.74449,3.9307764
42,41.23,50.792305089182534,56.89058223028879,lab,MIC,none,24,ethanol,spherical,none,phenolic,1.7837651700316897,weak,bio,1.0,11.0,1.0,0.0,guts,0.0,-0.0025,4.0,0.7402597402597404,107.868,2.0,0.0,1.7402597402597404,1.0,1.5,0.0,0.0,0.0,mouth,non-pathogenic,0.0,human,0.0,1.0,0.0,0.0,0.0,0.0,1.0,0.0,1.0,1.0,1.0,1.0,0.0,0.0,0.0,0.0,1.0,1.0,1.0,0.0,0.0,1.0,Escherichia coli ATCC 25922,Green synthesis using Syzygium cumini flowers,3.6584194,Staphylococcus aureus ATCC 29213,1.9501688,1.7082505226135254,38.79996,7.029874
43,60.0,64.7192936626786,73.08910859593708,lab,MIC,none,24,ethanol,spherical,none,mixed,1.7837651700316897,weak,bio,0.0,11.0,1.0,0.0,guts,0.0,-0.0025,4.0,0.7402597402597404,107.868,2.0,0.0,1.7402597402597404,1.0,1.5,0.0,0.0,0.0,mouth,non-pathogenic,0.0,human,0.0,1.0,0.0,0.0,0.0,0.0,1.0,0.0,1.0,1.0,1.0,1.0,0.0,0.0,0.0,0.0,1.0,1.0,1.0,0.0,0.0,1.0,Escherichia coli ATCC 25922,Green synthesis using Kalmia angustifolia,4.5133476,Staphylococcus aureus ATCC 29213,2.812056,1.701291561126709,91.226685,16.644102
44,48.0,55.9691995341455,62.5756093404563,lab,MIC,none,24,ethanol,spherical,none,mixed,1.7837651700316897,weak,bio,1.0,11.0,1.0,1.0,guts,0.0,-0.0025,4.0,0.7402597402597404,107.868,2.0,0.0,1.7402597402597404,1.0,1.5,0.0,0.0,0.0,mouth,non-pathogenic,0.0,human,0.0,1.0,0.0,0.0,0.0,0.0,1.0,0.0,1.0,1.0,1.0,1.0,0.0,0.0,0.0,0.0,1.0,1.0,1.0,0.0,0.0,1.0,Escherichia coli ATCC 25922,Green synthesis using Serai kayu,3.9601386,Staphylococcus aureus ATCC 29213,2.2629771,1.6971614360809326,52.46459,9.611661
45,45.0,50.219333967442864,59.67763561725303,lab,MIC,none,24,ethanol,rod-shaped,none,mixed,1.7837651700316897,weak,bio,0.0,11.0,1.0,0.0,guts,0.0,-0.0025,4.0,0.7402597402597404,107.868,2.0,0.0,1.7402597402597404,1.0,1.5,0.0,0.0,0.0,mouth,non-pathogenic,0.0,human,0.0,1.0,0.0,0.0,0.0,0.0,1.0,0.0,1.0,1.0,1.0,1.0,0.0,0.0,0.0,0.0,1.0,1.0,1.0,0.0,0.0,1.0,Escherichia coli ATCC 25922,Green synthesis using Pelargonium sidoides,4.196861,Staphylococcus aureus ATCC 29213,2.502672,1.6941888332366943,66.47731,12.215088
46,2.0,7.2517420983399505,13.372707156064578,lab,MIC,none,24,aceton,spherical,none,mixed,1.7837651700316897,weak,bio,0.0,11.0,1.0,0.0,guts,0.0,-0.0025,4.0,0.7402597402597404,107.868,2.0,0.0,1.7402597402597404,1.0,1.5,0.0,0.0,0.0,mouth,non-pathogenic,0.0,human,0.0,1.0,0.0,0.0,0.0,0.0,1.0,0.0,1.0,1.0,1.0,1.0,0.0,0.0,0.0,0.0,1.0,1.0,1.0,0.0,0.0,1.0,Escherichia coli ATCC 25922,Green synthesis using Agrimonia eupatoria L.,3.5625732,Staphylococcus aureus ATCC 29213,1.8719221,1.6906510591506958,35.25379,6.5007796
47,13.0,24.48497857202338,29.655964219478847,lab,MIC,none,24,aceton,spherical,none,mixed,1.7837651700316897,weak,bio,1.0,11.0,1.0,0.0,guts,0.0,-0.0025,4.0,0.7402597402597404,107.868,2.0,0.0,1.7402597402597404,1.0,1.5,0.0,0.0,0.0,mouth,non-pathogenic,0.0,human,0.0,1.0,0.0,0.0,0.0,0.0,1.0,0.0,1.0,1.0,1.0,1.0,0.0,0.0,0.0,0.0,1.0,1.0,1.0,0.0,0.0,1.0,Escherichia coli ATCC 25922,Green synthesis using Agrimonia eupatoria L.,4.192886,Staphylococcus aureus ATCC 29213,2.5143633,1.6785225868225098,66.21359,12.358736
48,48.0,53.79495401840018,58.99488360221291,lab,MIC,none,24,ethanol,spherical,none,phenolic,1.7837651700316897,weak,bio,1.0,11.0,1.0,0.0,guts,0.0,-0.0025,4.0,0.7402597402597404,107.868,2.0,0.0,1.7402597402597404,1.0,1.5,0.0,0.0,0.0,mouth,non-pathogenic,0.0,human,0.0,1.0,0.0,0.0,0.0,0.0,1.0,0.0,1.0,1.0,1.0,1.0,0.0,0.0,0.0,0.0,1.0,1.0,1.0,0.0,0.0,1.0,Escherichia coli ATCC 25922,Green synthesis using Syzygium cumini flowers,3.7873306,Staphylococcus aureus ATCC 29213,2.1135082,1.6738224029541016,44.138416,8.277228
49,40.0,46.52962612864013,52.827256379944515,lab,MIC,none,24,ethanol,rod-shaped,none,mixed,1.7837651700316897,weak,bio,1.0,11.0,1.0,0.0,guts,0.0,-0.0025,4.0,0.7402597402597404,107.868,2.0,0.0,1.7402597402597404,1.0,1.5,0.0,0.0,0.0,mouth,non-pathogenic,0.0,human,0.0,1.0,0.0,0.0,0.0,0.0,1.0,0.0,1.0,1.0,1.0,1.0,0.0,0.0,0.0,0.0,1.0,1.0,1.0,0.0,0.0,1.0,Escherichia coli ATCC 25922,Green synthesis using Pelargonium sidoides,3.4539402,Staphylococcus aureus ATCC 29213,1.7807709,1.6731692552566528,31.62475,5.934429
50,23.0,26.513644927261517,32.246750277659096,lab,MIC,none,24,aceton,spherical,none,mixed,1.7837651700316897,weak,bio,0.0,11.0,1.0,0.0,guts,0.0,-0.0025,4.0,0.7402597402597404,107.868,2.0,0.0,1.7402597402597404,1.0,1.5,0.0,0.0,0.0,mouth,non-pathogenic,0.0,human,0.0,1.0,0.0,0.0,0.0,0.0,1.0,0.0,1.0,1.0,1.0,1.0,0.0,0.0,0.0,0.0,1.0,1.0,1.0,0.0,0.0,1.0,Escherichia coli ATCC 25922,Green synthesis using Agrimonia eupatoria L.,4.439922,Staphylococcus aureus ATCC 29213,2.7716136,1.6683082580566406,84.7683,15.984405
51,25.0,30.413166993663435,38.93083508851077,commercial,MIC,none,24,water,spherical,none,none,1.7837651700316897,strong,chemical,0.0,11.0,0.0,0.0,guts,0.0,-0.0025,4.0,0.7402597402597404,107.868,2.0,0.0,1.7402597402597404,1.0,1.5,0.0,0.0,0.0,mouth,non-pathogenic,0.0,human,0.0,1.0,0.0,0.0,0.0,0.0,1.0,0.0,1.0,1.0,1.0,1.0,0.0,0.0,0.0,0.0,1.0,1.0,1.0,0.0,0.0,1.0,Escherichia coli ATCC 25922,"Chemical synthesis, purchased from Sigma-Aldrich",1.8928049,Staphylococcus aureus ATCC 29213,0.52217656,1.3706283569335938,6.637961,1.6856927
52,130.54,137.5879983659526,144.96474658329544,lab,MIC,none,24,aceton,spherical,none,mixed,1.7837651700316897,weak,bio,0.0,11.0,1.0,0.0,guts,0.0,-0.0025,4.0,0.7402597402597404,107.868,2.0,0.0,1.7402597402597404,1.0,1.5,0.0,0.0,0.0,mouth,non-pathogenic,0.0,human,0.0,1.0,0.0,0.0,0.0,0.0,1.0,0.0,1.0,1.0,1.0,1.0,0.0,0.0,0.0,0.0,1.0,1.0,1.0,0.0,0.0,1.0,Escherichia coli ATCC 25922,Green synthesis using Agrimonia eupatoria L.,5.5774283,Staphylococcus aureus ATCC 29213,4.2386117,1.3388166427612305,264.39078,69.311554
53,33.0,42.56881868378294,48.09907134987438,commercial,MIC,small-molecule,24,water,spherical,none,none,1.7837651700316897,medium,chemical,1.0,11.0,0.0,0.0,guts,0.0,-0.0025,4.0,0.7402597402597404,107.868,2.0,0.0,1.7402597402597404,1.0,1.5,0.0,0.0,0.0,mouth,non-pathogenic,0.0,human,0.0,1.0,0.0,0.0,0.0,0.0,1.0,0.0,1.0,1.0,1.0,1.0,0.0,0.0,0.0,0.0,1.0,1.0,1.0,0.0,0.0,1.0,Escherichia coli ATCC 25922,chemical_synthesis purchased from sigma aldrich ( citrate capped agnps),1.9833028,Staphylococcus aureus ATCC 29213,0.758404,1.2248988151550293,7.2667036,2.1348662
54,77.0,89.7930752700433,95.09842478888658,lab,MIC,small-molecule,24,water,spherical,none,none,1.7837651700316897,medium,chemical,1.0,11.0,0.0,0.0,guts,0.0,-0.0025,4.0,0.7402597402597404,107.868,2.0,0.0,1.7402597402597404,1.0,1.5,0.0,0.0,0.0,mouth,non-pathogenic,0.0,human,0.0,1.0,0.0,0.0,0.0,0.0,1.0,0.0,1.0,1.0,1.0,1.0,0.0,0.0,0.0,0.0,1.0,1.0,1.0,0.0,0.0,1.0,Escherichia coli ATCC 25922,Chemical synthesis using sodium citrate,2.5311499,Staphylococcus aureus ATCC 29213,1.3917767,1.1393731832504272,12.567948,4.0219893
55,60.0,67.97042924454857,76.84555072067536,lab,MIC,none,24,water,spherical,none,none,2.467976720090587,medium,chemical,1.0,11.0,0.0,0.0,guts,0.0,-0.0025,4.0,0.7402597402597404,196.967,2.0,0.0,1.7402597402597404,1.0,1.5,0.0,0.0,0.0,mouth,non-pathogenic,0.0,human,0.0,1.0,0.0,0.0,0.0,0.0,1.0,0.0,1.0,1.0,1.0,1.0,0.0,0.0,0.0,0.0,1.0,1.0,1.0,0.0,0.0,1.0,Escherichia coli ATCC 25922,Chemical_synthesis using ligand exchange,2.8569205,Staphylococcus aureus ATCC 29213,1.7674943,1.0894261598587036,17.407835,5.856161
56,50.0,54.56338028600454,61.14212427780062,lab,MIC,none,24,water,spherical,none,none,1.243163121016122,strong,chemical,0.0,11.0,0.0,0.0,guts,0.0,-0.0025,4.0,0.5194805194805194,63.546,2.0,0.0,1.5194805194805197,1.0,1.5,0.0,0.0,0.0,mouth,non-pathogenic,0.0,human,0.0,1.0,0.0,0.0,0.0,0.0,1.0,0.0,1.0,1.0,1.0,1.0,0.0,0.0,0.0,0.0,1.0,1.0,1.0,0.0,0.0,1.0,Escherichia coli ATCC 25922,chemical_synthesis using sodium borohydride and copper ions,4.1996946,Staphylococcus aureus ATCC 29213,3.143889,1.0558056831359863,66.66596,23.19389
57,36.25,47.74702609478769,55.219333149890964,lab,MIC,none,24,water,spherical,none,mixed,1.7837651700316897,weak,bio,0.0,11.0,1.0,0.0,guts,0.0,-0.0025,4.0,0.7402597402597404,107.868,2.0,0.0,1.7402597402597404,1.0,1.5,0.0,0.0,0.0,mouth,non-pathogenic,0.0,human,0.0,1.0,0.0,0.0,0.0,0.0,1.0,0.0,1.0,1.0,1.0,1.0,0.0,0.0,0.0,0.0,1.0,1.0,1.0,0.0,0.0,1.0,Escherichia coli ATCC 25922,Green synthesis using Areca catechu L. nut,2.7752001,Staphylococcus aureus ATCC 29213,1.7948905,0.9803096055984497,16.041836,6.0188155
58,88.8,99.02520939553769,107.5168364601017,lab,MIC,none,24,ethanol,spherical,none,mixed,1.7837651700316897,weak,bio,1.0,11.0,1.0,1.0,guts,0.0,-0.0025,4.0,0.7402597402597404,107.868,2.0,0.0,1.7402597402597404,1.0,1.5,0.0,0.0,0.0,mouth,non-pathogenic,0.0,human,0.0,1.0,0.0,0.0,0.0,0.0,1.0,0.0,1.0,1.0,1.0,1.0,0.0,0.0,0.0,0.0,1.0,1.0,1.0,0.0,0.0,1.0,Escherichia coli ATCC 25922,Green synthesis using Kalmia angustifolia,4.717928,Staphylococcus aureus ATCC 29213,3.883052,0.8348758220672607,111.93606,48.57223
59,56.2,63.44514222198688,71.98154481785441,lab,MIC,none,24,water,spherical,none,mixed,1.7837651700316897,weak,bio,0.0,11.0,1.0,0.0,guts,0.0,-0.0025,4.0,0.7402597402597404,107.868,2.0,0.0,1.7402597402597404,1.0,1.5,0.0,0.0,0.0,mouth,non-pathogenic,0.0,human,0.0,1.0,0.0,0.0,0.0,0.0,1.0,0.0,1.0,1.0,1.0,1.0,0.0,0.0,0.0,0.0,1.0,1.0,1.0,0.0,0.0,1.0,Escherichia coli ATCC 25922,Green synthesis using Agrimonia eupatoria L.,2.954571,Staphylococcus aureus ATCC 29213,2.130852,0.8237190246582031,19.193485,8.422039
60,56.2,63.44514222198688,71.98154481785441,lab,MIC,none,24,water,spherical,none,mixed,1.7837651700316897,weak,bio,0.0,11.0,1.0,0.0,guts,0.0,-0.0025,4.0,0.7402597402597404,107.868,2.0,0.0,1.7402597402597404,1.0,1.5,0.0,0.0,0.0,mouth,non-pathogenic,0.0,human,0.0,1.0,0.0,0.0,0.0,0.0,1.0,0.0,1.0,1.0,1.0,1.0,0.0,0.0,0.0,0.0,1.0,1.0,1.0,0.0,0.0,1.0,Escherichia coli ATCC 25922,Green synthesis using Areca catechu L. nut,2.954571,Staphylococcus aureus ATCC 29213,2.133156,0.8214149475097656,19.193485,8.441466
61,45.0,50.219333967442864,59.67763561725303,lab,MIC,none,24,water,rod-shaped,none,mixed,1.7837651700316897,weak,bio,0.0,11.0,1.0,0.0,guts,0.0,-0.0025,4.0,0.7402597402597404,107.868,2.0,0.0,1.7402597402597404,1.0,1.5,0.0,0.0,0.0,mouth,non-pathogenic,0.0,human,0.0,1.0,0.0,0.0,0.0,0.0,1.0,0.0,1.0,1.0,1.0,1.0,0.0,0.0,0.0,0.0,1.0,1.0,1.0,0.0,0.0,1.0,Escherichia coli ATCC 25922,Green synthesis using Pelargonium sidoides,2.653466,Staphylococcus aureus ATCC 29213,1.8463001,0.8071658611297607,14.20318,6.3363323
62,33.0,45.86255792546532,52.09703470768134,lab,MIC,none,24,water,spherical,none,none,1.7837651700316897,strong,physical,0.0,11.0,0.0,0.0,guts,0.0,-0.0025,4.0,0.7402597402597404,107.868,2.0,0.0,1.7402597402597404,1.0,1.5,0.0,0.0,0.0,mouth,non-pathogenic,0.0,human,0.0,1.0,0.0,0.0,0.0,0.0,1.0,0.0,1.0,1.0,1.0,1.0,0.0,0.0,0.0,0.0,1.0,1.0,1.0,0.0,0.0,1.0,Escherichia coli ATCC 25922,Physical synthesis using gamma irradiation,1.9895196,Staphylococcus aureus ATCC 29213,1.2324384,0.757081151008606,7.31202,3.429582
63,30.0,34.371899627068586,39.56351230636122,commercial,MIC,small-molecule,24,water,spherical,none,none,1.7837651700316897,medium,chemical,1.0,11.0,0.0,0.0,guts,0.0,-0.0025,4.0,0.7402597402597404,107.868,2.0,0.0,1.7402597402597404,1.0,1.5,0.0,0.0,0.0,mouth,non-pathogenic,0.0,human,0.0,1.0,0.0,0.0,0.0,0.0,1.0,0.0,1.0,1.0,1.0,1.0,0.0,0.0,0.0,0.0,1.0,1.0,1.0,0.0,0.0,1.0,Escherichia coli ATCC 25922,chemical_synthesis purchased from sigma aldrich ( citrate capped agnps),1.9017642,Staphylococcus aureus ATCC 29213,1.3003125,0.6014516353607178,6.6976995,3.6704435
64,100.0,112.02499364042652,117.66324749477253,lab,MIC,none,24,water,spherical,none,none,1.7837651700316897,strong,chemical,0.0,11.0,0.0,0.0,guts,0.0,-0.0025,4.0,0.7402597402597404,107.868,2.0,0.0,1.7402597402597404,1.0,1.5,0.0,0.0,0.0,mouth,non-pathogenic,0.0,human,0.0,1.0,0.0,0.0,0.0,0.0,1.0,0.0,1.0,1.0,1.0,1.0,0.0,0.0,0.0,0.0,1.0,1.0,1.0,0.0,0.0,1.0,Escherichia coli ATCC 25922,Chemical synthesis using sodium borohydride,3.938775,Staphylococcus aureus ATCC 29213,3.371193,0.5675821304321289,51.355648,29.113234
65,29.75,36.27825191724389,41.92001664287093,lab,MIC,none,24,water,spherical,none,none,1.8708286933869709,medium,chemical,0.0,10.0,0.0,0.0,guts,0.0,-0.0025,4.0,0.6623376623376622,106.42,2.0,0.0,1.6623376623376622,1.0,1.5,0.0,0.0,0.0,mouth,non-pathogenic,0.0,human,0.0,1.0,0.0,0.0,0.0,0.0,1.0,0.0,1.0,1.0,1.0,1.0,0.0,0.0,0.0,0.0,1.0,1.0,1.0,0.0,0.0,1.0,Escherichia coli ATCC 25922,Chemical_synthesis using potassium tetrachloropalladate and zinc nitrate,4.0372725,Staphylococcus aureus ATCC 29213,3.5282223,0.5090501308441162,56.67155,34.06336
66,106.3,111.03114717635235,119.35380690970531,lab,MIC,none,24,water,spherical,none,none,1.7837651700316897,weak,chemical,1.0,11.0,0.0,0.0,guts,0.0,-0.0025,4.0,0.7402597402597404,107.868,2.0,0.0,1.7402597402597404,1.0,1.5,0.0,0.0,0.0,mouth,non-pathogenic,0.0,human,0.0,1.0,0.0,0.0,0.0,0.0,1.0,0.0,1.0,1.0,1.0,1.0,0.0,0.0,0.0,0.0,1.0,1.0,1.0,0.0,0.0,1.0,Escherichia coli ATCC 25922,Eco-benign synthesis using Quercus coccifera L.,3.6346736,Staphylococcus aureus ATCC 29213,3.1504433,0.48423027992248535,37.88948,23.34641
67,5.7,11.675724318598489,19.02730151141192,commercial,MIC,none,24,water,spherical,none,none,4.08248290463863,medium,chemical,1.0,8.0,0.0,0.0,guts,1.0,-0.1213,4.0,0.4233766233766233,81.389,2.0,0.0,2.423376623376623,1.0,1.5,0.0,0.0,1.0,mouth,non-pathogenic,0.0,human,0.0,1.0,0.0,0.0,0.0,0.0,1.0,0.0,1.0,1.0,1.0,1.0,0.0,0.0,0.0,0.0,1.0,1.0,1.0,0.0,0.0,1.0,Escherichia coli ATCC 25922,"Chemical synthesis, purchased from Sigma-Aldrich",2.9060867,Staphylococcus aureus ATCC 29213,2.5478175,0.35826921463012695,18.2851,12.7791815
68,25.0,28.435637478810502,36.964749544824244,lab,MIC,none,24,water,spherical,none,none,1.7837651700316897,strong,physical,0.0,11.0,0.0,0.0,guts,0.0,-0.0025,4.0,0.7402597402597404,107.868,2.0,0.0,1.7402597402597404,1.0,1.5,0.0,0.0,0.0,mouth,non-pathogenic,0.0,human,0.0,1.0,0.0,0.0,0.0,0.0,1.0,0.0,1.0,1.0,1.0,1.0,0.0,0.0,0.0,0.0,1.0,1.0,1.0,0.0,0.0,1.0,Escherichia coli ATCC 25922,Physical synthesis using gamma irradiation,2.0708492,Staphylococcus aureus ATCC 29213,1.7249216,0.3459275960922241,7.9315553,5.6120806
69,6.0,15.363086686551595,25.00086919181421,commercial,MIC,none,24,water,spherical,none,none,1.7837651700316897,medium,chemical,0.0,11.0,0.0,0.0,guts,0.0,-0.0025,4.0,0.7402597402597404,107.868,2.0,0.0,1.7402597402597404,1.0,1.5,0.0,0.0,0.0,mouth,non-pathogenic,0.0,human,0.0,1.0,0.0,0.0,0.0,0.0,1.0,0.0,1.0,1.0,1.0,1.0,0.0,0.0,0.0,0.0,1.0,1.0,1.0,0.0,0.0,1.0,Escherichia coli ATCC 25922,"Chemical synthesis, purchased from Nano-world Company",1.50168,Staphylococcus aureus ATCC 29213,1.2030504,0.29862964153289795,4.4892244,3.3302598
70,9.87,16.941102618687417,26.907145190801394,lab,MIC,none,24,water,spherical,none,mixed,1.7837651700316897,weak,bio,1.0,11.0,1.0,0.0,guts,0.0,-0.0025,4.0,0.7402597402597404,107.868,2.0,0.0,1.7402597402597404,1.0,1.5,0.0,0.0,0.0,mouth,non-pathogenic,0.0,human,0.0,1.0,0.0,0.0,0.0,0.0,1.0,0.0,1.0,1.0,1.0,1.0,0.0,0.0,0.0,0.0,1.0,1.0,1.0,0.0,0.0,1.0,Escherichia coli ATCC 25922,Green synthesis using Commiphora gileadensis,2.7987528,Staphylococcus aureus ATCC 29213,2.5142047,0.2845480442047119,16.424149,12.356777
71,130.54,137.7238215639971,145.76960443975588,lab,MIC,none,24,water,spherical,none,mixed,1.7837651700316897,weak,bio,1.0,11.0,1.0,0.0,guts,0.0,-0.0025,4.0,0.7402597402597404,107.868,2.0,0.0,1.7402597402597404,1.0,1.5,0.0,0.0,0.0,mouth,non-pathogenic,0.0,human,0.0,1.0,0.0,0.0,0.0,0.0,1.0,0.0,1.0,1.0,1.0,1.0,0.0,0.0,0.0,0.0,1.0,1.0,1.0,0.0,0.0,1.0,Escherichia coli ATCC 25922,Green synthesis using Origanum ehrenbergii,3.7392244,Staphylococcus aureus ATCC 29213,3.4623778,0.27684664726257324,42.06535,31.892717
72,29.75,42.315546300961564,49.509904981673365,lab,MIC,none,24,water,pseudo-spherical,none,phenolic,4.08248290463863,weak,bio,0.0,8.0,1.0,0.0,guts,1.0,-0.1213,4.0,0.4233766233766233,81.389,2.0,0.0,2.423376623376623,1.0,1.5,0.0,0.0,1.0,mouth,non-pathogenic,0.0,human,0.0,1.0,0.0,0.0,0.0,0.0,1.0,0.0,1.0,1.0,1.0,1.0,0.0,0.0,0.0,0.0,1.0,1.0,1.0,0.0,0.0,1.0,Escherichia coli ATCC 25922,green_synthesis using aqueous Brassica rapa leaf,4.5338454,Staphylococcus aureus ATCC 29213,4.2877107,0.24613475799560547,93.11593,72.79961
73,130.54,139.535682447228,146.3208966691576,lab,MIC,none,24,water,spherical,none,mixed,1.7837651700316897,weak,bio,0.0,11.0,1.0,1.0,guts,0.0,-0.0025,4.0,0.7402597402597404,107.868,2.0,0.0,1.7402597402597404,1.0,1.5,0.0,0.0,0.0,mouth,non-pathogenic,0.0,human,0.0,1.0,0.0,0.0,0.0,0.0,1.0,0.0,1.0,1.0,1.0,1.0,0.0,0.0,0.0,0.0,1.0,1.0,1.0,0.0,0.0,1.0,Escherichia coli ATCC 25922,Green synthesis using Camellia sinensis,4.0593276,Staphylococcus aureus ATCC 29213,3.926447,0.13288068771362305,57.935337,50.726418
74,106.3,110.2172209462475,119.22398889892844,lab,MIC,none,24,water,spherical,none,mixed,1.7837651700316897,weak,bio,0.0,11.0,1.0,1.0,guts,0.0,-0.0025,4.0,0.7402597402597404,107.868,2.0,0.0,1.7402597402597404,1.0,1.5,0.0,0.0,0.0,mouth,non-pathogenic,0.0,human,0.0,1.0,0.0,0.0,0.0,0.0,1.0,0.0,1.0,1.0,1.0,1.0,0.0,0.0,0.0,0.0,1.0,1.0,1.0,0.0,0.0,1.0,Escherichia coli ATCC 25922,Green synthesis using Desmodium triquetrum,4.2386937,Staphylococcus aureus ATCC 29213,4.2241063,0.01458740234375,69.31724,68.313416
75,17.1,25.49348740965913,30.803684850423316,lab,MIC,none,24,water,spherical,none,none,1.7837651700316897,strong,physical,1.0,11.0,0.0,0.0,guts,0.0,-0.0025,4.0,0.7402597402597404,107.868,2.0,0.0,1.7402597402597404,1.0,1.5,0.0,0.0,0.0,mouth,non-pathogenic,0.0,human,0.0,1.0,0.0,0.0,0.0,0.0,1.0,0.0,1.0,1.0,1.0,1.0,0.0,0.0,0.0,0.0,1.0,1.0,1.0,0.0,0.0,1.0,Escherichia coli ATCC 25922,Physical synthesis using gamma irradiation,1.4571517,Staphylococcus aureus ATCC 29213,1.4603558,-0.0032041072845458984,4.293712,4.3074913
76,47.0,50.3847557750788,56.08042444308487,lab,MIC,none,24,water,oval,none,mixed,1.7837651700316897,weak,bio,1.0,11.0,1.0,0.0,guts,0.0,-0.0025,4.0,0.7402597402597404,107.868,2.0,0.0,1.7402597402597404,1.0,1.5,0.0,0.0,0.0,mouth,non-pathogenic,0.0,human,0.0,1.0,0.0,0.0,0.0,0.0,1.0,0.0,1.0,1.0,1.0,1.0,0.0,0.0,0.0,0.0,1.0,1.0,1.0,0.0,0.0,1.0,Escherichia coli ATCC 25922,Green synthesis using Agrimonia eupatoria L.,2.4611254,Staphylococcus aureus ATCC 29213,2.6738892,-0.21276378631591797,11.71799,14.496237
77,26.38,38.92090753977427,45.57321736484829,lab,MIC,none,24,water,spherical,none,mixed,1.7837651700316897,weak,bio,1.0,11.0,1.0,0.0,guts,0.0,-0.0025,4.0,0.7402597402597404,107.868,2.0,0.0,1.7402597402597404,1.0,1.5,0.0,0.0,0.0,mouth,non-pathogenic,0.0,human,0.0,1.0,0.0,0.0,0.0,0.0,1.0,0.0,1.0,1.0,1.0,1.0,0.0,0.0,0.0,0.0,1.0,1.0,1.0,0.0,0.0,1.0,Escherichia coli ATCC 25922,Green synthesis using Commiphora gileadensis,3.0479138,Staphylococcus aureus ATCC 29213,3.263683,-0.21576929092407227,21.071337,26.145655
78,0.8,9.961987134725952,16.789850625030034,lab,MIC,none,24,water,cubic,none,phenolic,4.08248290463863,weak,bio,0.0,8.0,1.0,0.0,guts,1.0,-0.1213,4.0,0.4233766233766233,81.389,2.0,0.0,2.423376623376623,1.0,1.5,0.0,0.0,1.0,mouth,non-pathogenic,0.0,human,0.0,1.0,0.0,0.0,0.0,0.0,1.0,0.0,1.0,1.0,1.0,1.0,0.0,0.0,0.0,0.0,1.0,1.0,1.0,0.0,0.0,1.0,Escherichia coli ATCC 25922,green_synthesis using Acacia arabica leaf extract,4.52013,Staphylococcus aureus ATCC 29213,4.832546,-0.31241607666015625,91.84754,125.53017
79,28.0,33.08637652587119,42.20314603128185,lab,MIC,none,24,water,spherical,none,mixed,1.7837651700316897,weak,bio,0.0,11.0,1.0,0.0,guts,0.0,-0.0025,4.0,0.7402597402597404,107.868,2.0,0.0,1.7402597402597404,1.0,1.5,0.0,0.0,0.0,mouth,non-pathogenic,0.0,human,0.0,1.0,0.0,0.0,0.0,0.0,1.0,0.0,1.0,1.0,1.0,1.0,0.0,0.0,0.0,0.0,1.0,1.0,1.0,0.0,0.0,1.0,Escherichia coli ATCC 25922,Green synthesis using Astragalus sarcocolla,1.9426932,Staphylococcus aureus ATCC 29213,2.4241104,-0.481417179107666,6.977517,11.292179
80,14.36,18.310930734688824,26.05677977415251,lab,MIC,polymer,24,water,spherical,none,none,1.7837651700316897,medium,chemical,1.0,11.0,0.0,0.0,guts,0.0,-0.0025,4.0,0.7402597402597404,107.868,2.0,0.0,1.7402597402597404,1.0,1.5,0.0,0.0,0.0,mouth,non-pathogenic,0.0,human,0.0,1.0,0.0,0.0,0.0,0.0,1.0,0.0,1.0,1.0,1.0,1.0,0.0,0.0,0.0,0.0,1.0,1.0,1.0,0.0,0.0,1.0,Escherichia coli ATCC 25922,Chemical synthesis using gum kondagogu,3.86137,Staphylococcus aureus ATCC 29213,4.4233093,-0.5619392395019531,47.530422,83.37172
81,12.0,21.423523607511648,31.39376875285025,lab,MIC,polymer,24,water,spherical,none,none,1.7837651700316897,medium,chemical,0.0,11.0,0.0,0.0,guts,0.0,-0.0025,4.0,0.7402597402597404,107.868,2.0,0.0,1.7402597402597404,1.0,1.5,0.0,0.0,0.0,mouth,non-pathogenic,0.0,human,0.0,1.0,0.0,0.0,0.0,0.0,1.0,0.0,1.0,1.0,1.0,1.0,0.0,0.0,0.0,0.0,1.0,1.0,1.0,0.0,0.0,1.0,Escherichia coli ATCC 25922,Chemical synthesis using gum kondagogu,2.174509,Staphylococcus aureus ATCC 29213,2.7466855,-0.572176456451416,8.797864,15.590869
82,18.99,30.004156015178705,37.26864949471084,lab,MIC,none,24,water,spherical,none,phenolic,4.08248290463863,weak,bio,0.0,8.0,1.0,0.0,guts,1.0,-0.1213,4.0,0.4233766233766233,81.389,2.0,0.0,2.423376623376623,1.0,1.5,0.0,0.0,1.0,mouth,non-pathogenic,0.0,human,0.0,1.0,0.0,0.0,0.0,0.0,1.0,0.0,1.0,1.0,1.0,1.0,0.0,0.0,0.0,0.0,1.0,1.0,1.0,0.0,0.0,1.0,Escherichia coli ATCC 25922,green_synthesis using Acacia arabica leaf extract,3.1571288,Staphylococcus aureus ATCC 29213,3.762226,-0.6050972938537598,23.503016,43.044136
83,13.0,20.09679329159407,26.606314208668888,lab,MIC,none,24,water,quasi-spherical,none,protein,1.7837651700316897,weak,bio,1.0,11.0,1.0,0.0,guts,0.0,-0.0025,4.0,0.7402597402597404,107.868,2.0,0.0,1.7402597402597404,1.0,1.5,0.0,0.0,0.0,mouth,non-pathogenic,0.0,human,0.0,1.0,0.0,0.0,0.0,0.0,1.0,0.0,1.0,1.0,1.0,1.0,0.0,0.0,0.0,0.0,1.0,1.0,1.0,0.0,0.0,1.0,Escherichia coli ATCC 25922,Biosynthesis using silver tolerant bacteria (AgTB),1.205097,Staphylococcus aureus ATCC 29213,1.8175249,-0.6124279499053955,3.3370824,6.156601
84,25.0,29.180860196354466,35.11676947970391,lab,MIC,none,24,water,quasi-spherical,none,none,4.08248290463863,medium,chemical,1.0,8.0,0.0,1.0,guts,1.0,-0.1213,4.0,0.4233766233766233,81.389,2.0,0.0,2.423376623376623,1.0,1.5,0.0,0.0,1.0,mouth,non-pathogenic,0.0,human,0.0,1.0,0.0,0.0,0.0,0.0,1.0,0.0,1.0,1.0,1.0,1.0,0.0,0.0,0.0,0.0,1.0,1.0,1.0,0.0,0.0,1.0,Escherichia coli ATCC 25922,chemical_synthesis using zinc nitrate,2.8547316,Staphylococcus aureus ATCC 29213,3.5079892,-0.6532576084136963,17.369772,33.381073
85,7.7,17.87624600328954,27.86640395868318,lab,MIC,polymer,24,water,spherical,none,none,1.7837651700316897,medium,chemical,0.0,11.0,0.0,0.0,guts,0.0,-0.0025,4.0,0.7402597402597404,107.868,2.0,0.0,1.7402597402597404,1.0,1.5,0.0,0.0,0.0,mouth,non-pathogenic,0.0,human,0.0,1.0,0.0,0.0,0.0,0.0,1.0,0.0,1.0,1.0,1.0,1.0,0.0,0.0,0.0,0.0,1.0,1.0,1.0,0.0,0.0,1.0,Escherichia coli ATCC 25922,Chemical synthesis using gum kondagogu,1.7847838,Staphylococcus aureus ATCC 29213,2.4482026,-0.6634187698364258,5.9582915,11.567535
86,1.9,11.134418529838216,19.62037208860314,lab,MIC,none,24,water,spherical,none,mixed,1.7837651700316897,weak,bio,1.0,11.0,1.0,0.0,guts,0.0,-0.0025,4.0,0.7402597402597404,107.868,2.0,0.0,1.7402597402597404,1.0,1.5,0.0,0.0,0.0,mouth,non-pathogenic,0.0,human,0.0,1.0,0.0,0.0,0.0,0.0,1.0,0.0,1.0,1.0,1.0,1.0,0.0,0.0,0.0,0.0,1.0,1.0,1.0,0.0,0.0,1.0,Escherichia coli ATCC 25922,Green synthesis using Murraya koenigii,3.3617322,Staphylococcus aureus ATCC 29213,4.049073,-0.6873409748077393,28.839102,57.34428
87,6.0,9.858556624358693,17.873095734855987,lab,MIC,none,24,water,spherical,none,none,1.7837651700316897,strong,chemical,1.0,11.0,0.0,0.0,guts,0.0,-0.0025,4.0,0.7402597402597404,107.868,2.0,0.0,1.7402597402597404,1.0,1.5,0.0,0.0,0.0,mouth,non-pathogenic,0.0,human,0.0,1.0,0.0,0.0,0.0,0.0,1.0,0.0,1.0,1.0,1.0,1.0,0.0,0.0,0.0,0.0,1.0,1.0,1.0,0.0,0.0,1.0,Escherichia coli ATCC 25922,Chemical synthesis using sodium borohydride,2.9242945,Staphylococcus aureus ATCC 29213,3.6315365,-0.7072420120239258,18.621082,37.7708
88,16.4,26.737099593956167,35.66543884007785,lab,MIC,none,24,water,rod-shaped,none,none,1.7837651700316897,medium,chemical,1.0,11.0,0.0,0.0,guts,0.0,-0.0025,4.0,0.7402597402597404,107.868,2.0,0.0,1.7402597402597404,1.0,1.5,0.0,0.0,0.0,mouth,non-pathogenic,0.0,human,0.0,1.0,0.0,0.0,0.0,0.0,1.0,0.0,1.0,1.0,1.0,1.0,0.0,0.0,0.0,0.0,1.0,1.0,1.0,0.0,0.0,1.0,Escherichia coli ATCC 25922,Chemical synthesis usnig dimethyl-octadecyl-ammonium chloride,2.4255826,Staphylococcus aureus ATCC 29213,3.2554154,-0.8298327922821045,11.308816,25.930382
89,9.7,13.441077519528617,19.72985678564407,lab,MIC,small-molecule,24,water,spherical,none,none,1.7837651700316897,strong,chemical,1.0,11.0,0.0,0.0,guts,0.0,-0.0025,4.0,0.7402597402597404,107.868,2.0,0.0,1.7402597402597404,1.0,1.5,0.0,0.0,0.0,mouth,non-pathogenic,0.0,human,0.0,1.0,0.0,0.0,0.0,0.0,1.0,0.0,1.0,1.0,1.0,1.0,0.0,0.0,0.0,0.0,1.0,1.0,1.0,0.0,0.0,1.0,Escherichia coli ATCC 25922,Chemical synthesis using sodium borohydride and trisodium citrate,4.858671,Staphylococcus aureus ATCC 29213,5.704784,-0.8461127281188965,128.85284,300.30054
90,20.2,28.943556177797802,38.39105781135578,lab,MIC,none,24,water,spherical,none,none,1.7837651700316897,strong,chemical,1.0,11.0,0.0,0.0,guts,0.0,-0.0025,4.0,0.7402597402597404,107.868,2.0,0.0,1.7402597402597404,1.0,1.5,0.0,0.0,0.0,mouth,non-pathogenic,0.0,human,0.0,1.0,0.0,0.0,0.0,0.0,1.0,0.0,1.0,1.0,1.0,1.0,0.0,0.0,0.0,0.0,1.0,1.0,1.0,0.0,0.0,1.0,Escherichia coli ATCC 25922,chemical_synthesis using sodium borohydride and silver ions,2.8677433,Staphylococcus aureus ATCC 29213,3.7404573,-0.8727140426635742,17.59726,42.11724
91,5.1,15.169781465631745,22.33565381690455,lab,MIC,none,24,water,spherical,none,mixed,1.7837651700316897,weak,bio,1.0,11.0,1.0,0.0,guts,0.0,-0.0025,4.0,0.7402597402597404,107.868,2.0,0.0,1.7402597402597404,1.0,1.5,0.0,0.0,0.0,mouth,non-pathogenic,0.0,human,0.0,1.0,0.0,0.0,0.0,0.0,1.0,0.0,1.0,1.0,1.0,1.0,0.0,0.0,0.0,0.0,1.0,1.0,1.0,0.0,0.0,1.0,Escherichia coli ATCC 25922,Green synthesis using Agrimonia eupatoria L.,1.9387822,Staphylococcus aureus ATCC 29213,2.883467,-0.9446847438812256,6.9502816,17.87614
92,18.99,30.832806527775787,38.94797017589453,lab,MIC,none,24,water,spherical,none,mixed,1.7837651700316897,weak,bio,1.0,11.0,1.0,0.0,guts,0.0,-0.0025,4.0,0.7402597402597404,107.868,2.0,0.0,1.7402597402597404,1.0,1.5,0.0,0.0,0.0,mouth,non-pathogenic,0.0,human,0.0,1.0,0.0,0.0,0.0,0.0,1.0,0.0,1.0,1.0,1.0,1.0,0.0,0.0,0.0,0.0,1.0,1.0,1.0,0.0,0.0,1.0,Escherichia coli ATCC 25922,Green synthesis using Agrimonia eupatoria L.,1.7689786,Staphylococcus aureus ATCC 29213,2.7137523,-0.9447736740112305,5.8648596,15.085774
93,5.7,16.158761676027748,22.91016623303418,lab,MIC,none,24,water,spherical,none,mixed,1.7837651700316897,weak,bio,1.0,11.0,1.0,0.0,guts,0.0,-0.0025,4.0,0.7402597402597404,107.868,2.0,0.0,1.7402597402597404,1.0,1.5,0.0,0.0,0.0,mouth,non-pathogenic,0.0,human,0.0,1.0,0.0,0.0,0.0,0.0,1.0,0.0,1.0,1.0,1.0,1.0,0.0,0.0,0.0,0.0,1.0,1.0,1.0,0.0,0.0,1.0,Escherichia coli ATCC 25922,Green synthesis using Gloeophyllum striatum,1.7660818,Staphylococcus aureus ATCC 29213,2.8114345,-1.0453526973724365,5.847895,16.63376
94,20.0,24.077853491589813,33.176602421789426,lab,MIC,none,24,water,spherical,none,mixed,1.7837651700316897,weak,bio,1.0,11.0,1.0,0.0,guts,0.0,-0.0025,4.0,0.7402597402597404,107.868,2.0,0.0,1.7402597402597404,1.0,1.5,0.0,0.0,0.0,mouth,non-pathogenic,0.0,human,0.0,1.0,0.0,0.0,0.0,0.0,1.0,0.0,1.0,1.0,1.0,1.0,0.0,0.0,0.0,0.0,1.0,1.0,1.0,0.0,0.0,1.0,Escherichia coli ATCC 25922,Green synthesis using Gloeophyllum striatum,2.5697536,Staphylococcus aureus ATCC 29213,3.6252532,-1.05549955368042,13.062605,37.53422
95,8.7,18.210005421482567,24.194908889021278,lab,MIC,none,24,water,tubular,none,phenolic,1.7837651700316897,weak,bio,1.0,11.0,1.0,0.0,guts,0.0,-0.0025,4.0,0.7402597402597404,107.868,2.0,0.0,1.7402597402597404,1.0,1.5,0.0,0.0,0.0,mouth,non-pathogenic,0.0,human,0.0,1.0,0.0,0.0,0.0,0.0,1.0,0.0,1.0,1.0,1.0,1.0,0.0,0.0,0.0,0.0,1.0,1.0,1.0,0.0,0.0,1.0,Escherichia coli ATCC 25922,green synthesis using  Withania coagulans fruits extract,3.6967506,Staphylococcus aureus ATCC 29213,4.783609,-1.0868582725524902,40.316086,119.53495
96,20.1,25.167580334700915,31.750173383654126,lab,MIC,none,24,water,spherical,none,protein,1.7837651700316897,weak,bio,1.0,11.0,1.0,0.0,guts,0.0,-0.0025,4.0,0.7402597402597404,107.868,2.0,0.0,1.7402597402597404,1.0,1.5,0.0,0.0,0.0,mouth,non-pathogenic,0.0,human,0.0,1.0,0.0,0.0,0.0,0.0,1.0,0.0,1.0,1.0,1.0,1.0,0.0,0.0,0.0,0.0,1.0,1.0,1.0,0.0,0.0,1.0,Escherichia coli ATCC 25922,Green synthesis using Bacillus subtilis,1.5913657,Staphylococcus aureus ATCC 29213,2.7524967,-1.1611310243606567,4.9104505,15.681735
97,5.7,17.63169995714966,26.71314385183603,lab,MIC,none,24,water,flat,none,mixed,1.7837651700316897,weak,bio,1.0,11.0,1.0,1.0,guts,0.0,-0.0025,4.0,0.7402597402597404,107.868,2.0,0.0,1.7402597402597404,1.0,1.5,0.0,0.0,0.0,mouth,non-pathogenic,0.0,human,0.0,1.0,0.0,0.0,0.0,0.0,1.0,0.0,1.0,1.0,1.0,1.0,0.0,0.0,0.0,0.0,1.0,1.0,1.0,0.0,0.0,1.0,Escherichia coli ATCC 25922,Green synthesis using quince petal extract,2.2501016,Staphylococcus aureus ATCC 29213,3.7823722,-1.5322706699371338,9.488699,43.9201
98,1.0,10.96180648338966,16.530852211095365,commercial,MIC,none,24,water,flat,none,none,1.7837651700316897,strong,chemical,1.0,11.0,0.0,0.0,guts,0.0,-0.0025,4.0,0.7402597402597404,107.868,2.0,0.0,1.7402597402597404,1.0,1.5,0.0,0.0,0.0,mouth,non-pathogenic,0.0,human,0.0,1.0,0.0,0.0,0.0,0.0,1.0,0.0,1.0,1.0,1.0,1.0,0.0,0.0,0.0,0.0,1.0,1.0,1.0,0.0,0.0,1.0,Escherichia coli ATCC 25922,"Chemical synthesis, purchased from Sigma-Aldrich",1.0196638,Staphylococcus aureus ATCC 29213,2.557076,-1.537412166595459,2.7722626,12.8980465
99,6.2,15.44984658784637,23.568433568373127,lab,MIC,none,24,water,spherical,none,none,1.7837651700316897,medium,chemical,1.0,11.0,0.0,1.0,guts,0.0,-0.0025,4.0,0.7402597402597404,107.868,2.0,0.0,1.7402597402597404,1.0,1.5,0.0,0.0,0.0,mouth,non-pathogenic,0.0,human,0.0,1.0,0.0,0.0,0.0,0.0,1.0,0.0,1.0,1.0,1.0,1.0,0.0,0.0,0.0,0.0,1.0,1.0,1.0,0.0,0.0,1.0,Escherichia coli ATCC 25922,Chemical_synthesis using silver nitrate and zinc nitrate,0.9614012,Staphylococcus aureus ATCC 29213,2.677618,-1.716216802597046,2.6153586,14.550392
